id,firstname,lastname,email,profession
100,Gerrie,Shuler,Gerrie.Shuler@yopmail.com,doctor
101,Cacilie,Shama,Cacilie.Shama@yopmail.com,worker
102,Ardeen,Teryn,Ardeen.Teryn@yopmail.com,worker
103,Andree,Alwin,Andree.Alwin@yopmail.com,firefighter
104,Carmela,Eno,Carmela.Eno@yopmail.com,firefighter
105,Odessa,Melleta,Odessa.Melleta@yopmail.com,firefighter
106,Elsie,Rodmann,Elsie.Rodmann@yopmail.com,worker
107,Corina,Ivens,Corina.Ivens@yopmail.com,police officer
108,Feliza,Angelis,Feliza.Angelis@yopmail.com,developer
109,Tomasina,Georgy,Tomasina.Georgy@yopmail.com,developer
110,Aaren,Thar,Aaren.Thar@yopmail.com,firefighter
111,Roz,Fosque,Roz.Fosque@yopmail.com,police officer
112,Elie,Lucienne,Elie.Lucienne@yopmail.com,doctor
113,Lanae,Lesley,Lanae.Lesley@yopmail.com,doctor
114,Christian,Socha,Christian.Socha@yopmail.com,developer
115,Taffy,Chrystel,Taffy.Chrystel@yopmail.com,doctor
116,Tarra,Carey,Tarra.Carey@yopmail.com,firefighter
117,Dari,Ephrem,Dari.Ephrem@yopmail.com,worker
118,Ofilia,Merriott,Ofilia.Merriott@yopmail.com,doctor
119,Ketti,Honoria,Ketti.Honoria@yopmail.com,developer
120,Dagmar,Liva,Dagmar.Liva@yopmail.com,doctor
121,Jaime,Ranjiv,Jaime.Ranjiv@yopmail.com,police officer
122,Jan,Manolo,Jan.Manolo@yopmail.com,worker
123,Leona,Evangelia,Leona.Evangelia@yopmail.com,firefighter
124,Ariela,Gusella,Ariela.Gusella@yopmail.com,doctor
125,Juliane,Karylin,Juliane.Karylin@yopmail.com,developer
126,Eve,Whittaker,Eve.Whittaker@yopmail.com,worker
127,Larine,Bibi,Larine.Bibi@yopmail.com,worker
128,Gwenneth,Raffo,Gwenneth.Raffo@yopmail.com,worker
129,Susan,Zitvaa,Susan.Zitvaa@yopmail.com,worker
130,Ronna,Seessel,Ronna.Seessel@yopmail.com,police officer
131,Hannis,Leary,Hannis.Leary@yopmail.com,doctor
132,Beth,Brenn,Beth.Brenn@yopmail.com,doctor
133,Wanda,Annabella,Wanda.Annabella@yopmail.com,worker
134,Odessa,Selway,Odessa.Selway@yopmail.com,developer
135,Margalo,Sallyann,Margalo.Sallyann@yopmail.com,firefighter
136,Alie,Konyn,Alie.Konyn@yopmail.com,worker
137,Robinia,Wandie,Robinia.Wandie@yopmail.com,developer
138,Kelly,Arquit,Kelly.Arquit@yopmail.com,police officer
139,Lolita,Chick,Lolita.Chick@yopmail.com,worker
140,Queenie,August,Queenie.August@yopmail.com,worker
141,Kara-Lynn,Katrine,Kara-Lynn.Katrine@yopmail.com,firefighter
142,Amara,Colbert,Amara.Colbert@yopmail.com,developer
143,Lanna,Barrus,Lanna.Barrus@yopmail.com,police officer
144,Emilia,Blisse,Emilia.Blisse@yopmail.com,firefighter
145,Fayre,Charity,Fayre.Charity@yopmail.com,worker
146,Janey,Thomasina,Janey.Thomasina@yopmail.com,worker
147,Robinia,Tice,Robinia.Tice@yopmail.com,developer
148,Marti,Engdahl,Marti.Engdahl@yopmail.com,police officer
149,Cecile,Heidt,Cecile.Heidt@yopmail.com,firefighter
150,Meghann,Germann,Meghann.Germann@yopmail.com,developer
151,Jan,Barney,Jan.Barney@yopmail.com,doctor
152,Mariele,Sammons,Mariele.Sammons@yopmail.com,police officer
153,Fredericka,Riva,Fredericka.Riva@yopmail.com,developer
154,Lorie,Lea,Lorie.Lea@yopmail.com,worker
155,Josephine,Serilda,Josephine.Serilda@yopmail.com,doctor
156,Sandie,Syd,Sandie.Syd@yopmail.com,firefighter
157,Marylou,Drisko,Marylou.Drisko@yopmail.com,developer
158,Heddie,Sothena,Heddie.Sothena@yopmail.com,firefighter
159,Karina,Ummersen,Karina.Ummersen@yopmail.com,police officer
160,Nerta,Screens,Nerta.Screens@yopmail.com,developer
161,Wanda,Thar,Wanda.Thar@yopmail.com,developer
162,Gratia,Lowry,Gratia.Lowry@yopmail.com,police officer
163,Dorene,Concha,Dorene.Concha@yopmail.com,doctor
164,Hyacinthe,Chobot,Hyacinthe.Chobot@yopmail.com,police officer
165,Paule,Gwenore,Paule.Gwenore@yopmail.com,police officer
166,Halette,Levey,Halette.Levey@yopmail.com,firefighter
167,Helena,Loring,Helena.Loring@yopmail.com,firefighter
168,Christy,Sigfrid,Christy.Sigfrid@yopmail.com,firefighter
169,Tabbatha,Wind,Tabbatha.Wind@yopmail.com,doctor
170,Jemie,Kesley,Jemie.Kesley@yopmail.com,worker
171,Grier,Orlene,Grier.Orlene@yopmail.com,developer
172,Allyce,Scammon,Allyce.Scammon@yopmail.com,firefighter
173,Ekaterina,Faria,Ekaterina.Faria@yopmail.com,police officer
174,Cyndie,Fax,Cyndie.Fax@yopmail.com,developer
175,Clary,Boehike,Clary.Boehike@yopmail.com,doctor
176,Lacie,Dash,Lacie.Dash@yopmail.com,firefighter
177,Dale,Carbo,Dale.Carbo@yopmail.com,developer
178,Gwyneth,Zachary,Gwyneth.Zachary@yopmail.com,firefighter
179,Evita,Cleo,Evita.Cleo@yopmail.com,developer
180,Misha,Sacken,Misha.Sacken@yopmail.com,developer
181,Wendi,Joeann,Wendi.Joeann@yopmail.com,doctor
182,Shirlee,Libna,Shirlee.Libna@yopmail.com,worker
183,Lonnie,Kinnard,Lonnie.Kinnard@yopmail.com,firefighter
184,Valera,Brenn,Valera.Brenn@yopmail.com,doctor
185,Madeleine,Payson,Madeleine.Payson@yopmail.com,firefighter
186,Modestia,Heidt,Modestia.Heidt@yopmail.com,developer
187,Ira,Jaylene,Ira.Jaylene@yopmail.com,firefighter
188,Arabel,Faro,Arabel.Faro@yopmail.com,police officer
189,Beverley,Ax,Beverley.Ax@yopmail.com,police officer
190,Sybille,Adrienne,Sybille.Adrienne@yopmail.com,worker
191,Tersina,Malina,Tersina.Malina@yopmail.com,developer
192,Steffane,Si,Steffane.Si@yopmail.com,worker
193,Adore,Ricarda,Adore.Ricarda@yopmail.com,developer
194,Felice,Belldas,Felice.Belldas@yopmail.com,developer
195,Tonia,Lesley,Tonia.Lesley@yopmail.com,doctor
196,Beth,Radu,Beth.Radu@yopmail.com,doctor
197,Ileana,Shama,Ileana.Shama@yopmail.com,developer
198,Jenda,Cimbura,Jenda.Cimbura@yopmail.com,firefighter
199,Shell,Goldina,Shell.Goldina@yopmail.com,worker
200,Joelly,Zrike,Joelly.Zrike@yopmail.com,doctor
201,Michaelina,Bach,Michaelina.Bach@yopmail.com,police officer
202,Hyacinthe,Weide,Hyacinthe.Weide@yopmail.com,doctor
203,Brandise,McAdams,Brandise.McAdams@yopmail.com,developer
204,Hettie,Lorain,Hettie.Lorain@yopmail.com,firefighter
205,Blondelle,Ellord,Blondelle.Ellord@yopmail.com,police officer
206,Nadine,Berne,Nadine.Berne@yopmail.com,developer
207,Goldie,Adlare,Goldie.Adlare@yopmail.com,doctor
208,Theodora,Pyle,Theodora.Pyle@yopmail.com,doctor
209,Krystle,Daegal,Krystle.Daegal@yopmail.com,developer
210,Marline,Kress,Marline.Kress@yopmail.com,developer
211,Ardenia,Ranjiv,Ardenia.Ranjiv@yopmail.com,developer
212,Danika,Laurianne,Danika.Laurianne@yopmail.com,doctor
213,Emylee,Nickola,Emylee.Nickola@yopmail.com,firefighter
214,Chrystel,Even,Chrystel.Even@yopmail.com,police officer
215,Cathyleen,Germann,Cathyleen.Germann@yopmail.com,developer
216,Dale,Bonilla,Dale.Bonilla@yopmail.com,developer
217,Willetta,Adore,Willetta.Adore@yopmail.com,doctor
218,Mahalia,Irmine,Mahalia.Irmine@yopmail.com,police officer
219,Jasmina,Vharat,Jasmina.Vharat@yopmail.com,police officer
220,Bertine,Jehu,Bertine.Jehu@yopmail.com,worker
221,Tarra,Pauly,Tarra.Pauly@yopmail.com,doctor
222,Nelle,Mintz,Nelle.Mintz@yopmail.com,developer
223,Kimmy,Jaylene,Kimmy.Jaylene@yopmail.com,doctor
224,Hermione,Janene,Hermione.Janene@yopmail.com,doctor
225,Tiffie,Burch,Tiffie.Burch@yopmail.com,doctor
226,Lusa,Christine,Lusa.Christine@yopmail.com,doctor
227,Aurore,Shaver,Aurore.Shaver@yopmail.com,doctor
228,Rosaline,Henebry,Rosaline.Henebry@yopmail.com,police officer
229,Paola,Larochelle,Paola.Larochelle@yopmail.com,developer
230,Valera,Markman,Valera.Markman@yopmail.com,doctor
231,Willetta,Anis,Willetta.Anis@yopmail.com,developer
232,Bee,Pernick,Bee.Pernick@yopmail.com,worker
233,Adriana,Thornburg,Adriana.Thornburg@yopmail.com,doctor
234,Briney,Linskey,Briney.Linskey@yopmail.com,worker
235,Ericka,Darbie,Ericka.Darbie@yopmail.com,worker
236,Esmeralda,Bartlett,Esmeralda.Bartlett@yopmail.com,doctor
237,Marylou,Stover,Marylou.Stover@yopmail.com,developer
238,Noelle,Hewitt,Noelle.Hewitt@yopmail.com,developer
239,Kore,Darrell,Kore.Darrell@yopmail.com,developer
240,Petronia,Sacken,Petronia.Sacken@yopmail.com,police officer
241,Kaia,Kristi,Kaia.Kristi@yopmail.com,developer
242,Vevay,Wattenberg,Vevay.Wattenberg@yopmail.com,police officer
243,Ilse,Lasley,Ilse.Lasley@yopmail.com,worker
244,Mariann,Roscoe,Mariann.Roscoe@yopmail.com,doctor
245,Stacey,Winnick,Stacey.Winnick@yopmail.com,doctor
246,Carmencita,Hubert,Carmencita.Hubert@yopmail.com,worker
247,Lynnea,Korey,Lynnea.Korey@yopmail.com,firefighter
248,Stacey,Aurelio,Stacey.Aurelio@yopmail.com,police officer
249,Minda,Lewes,Minda.Lewes@yopmail.com,firefighter
250,Barbi,Fancie,Barbi.Fancie@yopmail.com,developer
251,Liana,Croix,Liana.Croix@yopmail.com,developer
252,Pamella,Hedve,Pamella.Hedve@yopmail.com,doctor
253,Danika,Burch,Danika.Burch@yopmail.com,worker
254,Therine,Beniamino,Therine.Beniamino@yopmail.com,firefighter
255,Karena,Martguerita,Karena.Martguerita@yopmail.com,developer
256,Vinita,Vanni,Vinita.Vanni@yopmail.com,police officer
257,Marnia,Socha,Marnia.Socha@yopmail.com,developer
258,Alyssa,Judye,Alyssa.Judye@yopmail.com,developer
259,Georgina,Ivens,Georgina.Ivens@yopmail.com,police officer
260,Jaclyn,Cookie,Jaclyn.Cookie@yopmail.com,developer
261,Raquela,Dudley,Raquela.Dudley@yopmail.com,worker
262,Dione,Hamil,Dione.Hamil@yopmail.com,doctor
263,Ketti,Bow,Ketti.Bow@yopmail.com,doctor
264,Phedra,Aurelio,Phedra.Aurelio@yopmail.com,developer
265,Loree,Lipson,Loree.Lipson@yopmail.com,worker
266,Dacia,Millda,Dacia.Millda@yopmail.com,police officer
267,Mahalia,Corabella,Mahalia.Corabella@yopmail.com,firefighter
268,Imojean,My,Imojean.My@yopmail.com,developer
269,Zondra,Secrest,Zondra.Secrest@yopmail.com,doctor
270,Cassandra,Rosette,Cassandra.Rosette@yopmail.com,doctor
271,Binny,Flyn,Binny.Flyn@yopmail.com,worker
272,Marnia,Goddard,Marnia.Goddard@yopmail.com,firefighter
273,Magdalena,Myrilla,Magdalena.Myrilla@yopmail.com,developer
274,Kathy,Vale,Kathy.Vale@yopmail.com,police officer
275,Violet,Artie,Violet.Artie@yopmail.com,police officer
276,Brena,Roumell,Brena.Roumell@yopmail.com,firefighter
277,Mamie,Felecia,Mamie.Felecia@yopmail.com,firefighter
278,Miquela,Llovera,Miquela.Llovera@yopmail.com,doctor
279,Edyth,Cavan,Edyth.Cavan@yopmail.com,developer
280,Binny,Raseda,Binny.Raseda@yopmail.com,worker
281,Dyann,Concha,Dyann.Concha@yopmail.com,developer
282,Almeta,Lareena,Almeta.Lareena@yopmail.com,worker
283,Ericka,Hourigan,Ericka.Hourigan@yopmail.com,developer
284,Sarette,Bollay,Sarette.Bollay@yopmail.com,firefighter
285,Celene,Irmine,Celene.Irmine@yopmail.com,police officer
286,Deloria,Japeth,Deloria.Japeth@yopmail.com,firefighter
287,Gwenneth,Old,Gwenneth.Old@yopmail.com,developer
288,Vivia,Charmine,Vivia.Charmine@yopmail.com,police officer
289,Sharlene,Bronk,Sharlene.Bronk@yopmail.com,doctor
290,Kate,Faria,Kate.Faria@yopmail.com,developer
291,Constance,Weitman,Constance.Weitman@yopmail.com,doctor
292,Susette,Morgun,Susette.Morgun@yopmail.com,developer
293,Nyssa,Milson,Nyssa.Milson@yopmail.com,firefighter
294,Kayla,Henebry,Kayla.Henebry@yopmail.com,police officer
295,Di,Ailyn,Di.Ailyn@yopmail.com,worker
296,Aubrie,Daegal,Aubrie.Daegal@yopmail.com,developer
297,Kara-Lynn,Christal,Kara-Lynn.Christal@yopmail.com,firefighter
298,Lorenza,Newell,Lorenza.Newell@yopmail.com,police officer
299,Chastity,Phi,Chastity.Phi@yopmail.com,firefighter
300,Maye,Melleta,Maye.Melleta@yopmail.com,doctor
301,Michaelina,Nelsen,Michaelina.Nelsen@yopmail.com,firefighter
302,Madalyn,Amadas,Madalyn.Amadas@yopmail.com,developer
303,Nelle,Carri,Nelle.Carri@yopmail.com,police officer
304,Ofilia,Zina,Ofilia.Zina@yopmail.com,developer
305,Annice,Ahab,Annice.Ahab@yopmail.com,developer
306,Patricia,Natica,Patricia.Natica@yopmail.com,worker
307,Gilligan,Marijo,Gilligan.Marijo@yopmail.com,worker
308,Leontine,Hillel,Leontine.Hillel@yopmail.com,worker
309,Hope,Elbertina,Hope.Elbertina@yopmail.com,worker
310,Caryl,Chabot,Caryl.Chabot@yopmail.com,firefighter
311,Alex,Carmena,Alex.Carmena@yopmail.com,police officer
312,Cassandra,Anderea,Cassandra.Anderea@yopmail.com,developer
313,Ilse,Rossner,Ilse.Rossner@yopmail.com,worker
314,Anica,Ammann,Anica.Ammann@yopmail.com,police officer
315,Morganica,Shuler,Morganica.Shuler@yopmail.com,developer
316,Romona,Ranjiv,Romona.Ranjiv@yopmail.com,firefighter
317,Adele,Secrest,Adele.Secrest@yopmail.com,firefighter
318,Caryl,Sammons,Caryl.Sammons@yopmail.com,developer
319,Nadine,Berriman,Nadine.Berriman@yopmail.com,developer
320,Consuela,Tamar,Consuela.Tamar@yopmail.com,developer
321,Roberta,Pernick,Roberta.Pernick@yopmail.com,worker
322,Jan,Monk,Jan.Monk@yopmail.com,police officer
323,Merle,Francyne,Merle.Francyne@yopmail.com,firefighter
324,Abbie,Giff,Abbie.Giff@yopmail.com,doctor
325,Consuela,Dash,Consuela.Dash@yopmail.com,firefighter
326,Charmaine,Zrike,Charmaine.Zrike@yopmail.com,firefighter
327,Shirlee,Weaks,Shirlee.Weaks@yopmail.com,police officer
328,Anthia,Fiann,Anthia.Fiann@yopmail.com,police officer
329,Britte,Ietta,Britte.Ietta@yopmail.com,developer
330,Dennie,Juan,Dennie.Juan@yopmail.com,police officer
331,Cacilie,Fancie,Cacilie.Fancie@yopmail.com,doctor
332,Verla,Armanda,Verla.Armanda@yopmail.com,developer
333,Susan,Ahab,Susan.Ahab@yopmail.com,firefighter
334,Asia,Jehu,Asia.Jehu@yopmail.com,police officer
335,Kate,Azeria,Kate.Azeria@yopmail.com,doctor
336,Genevra,Lymann,Genevra.Lymann@yopmail.com,developer
337,Helsa,Delp,Helsa.Delp@yopmail.com,worker
338,Fernande,Kesley,Fernande.Kesley@yopmail.com,police officer
339,Jere,Cookie,Jere.Cookie@yopmail.com,police officer
340,Dominga,Hazlett,Dominga.Hazlett@yopmail.com,doctor
341,Kirbee,Laverne,Kirbee.Laverne@yopmail.com,police officer
342,Lyssa,Weaks,Lyssa.Weaks@yopmail.com,developer
343,Ricky,MacIntosh,Ricky.MacIntosh@yopmail.com,developer
344,Lacie,Nea,Lacie.Nea@yopmail.com,developer
345,Aurelie,Juan,Aurelie.Juan@yopmail.com,police officer
346,Katuscha,Marsden,Katuscha.Marsden@yopmail.com,firefighter
347,Donnie,Sheedy,Donnie.Sheedy@yopmail.com,worker
348,Elyssa,Dawkins,Elyssa.Dawkins@yopmail.com,firefighter
349,Almeta,Elisha,Almeta.Elisha@yopmail.com,doctor
350,Maurene,Colp,Maurene.Colp@yopmail.com,firefighter
351,Marylou,Anselmi,Marylou.Anselmi@yopmail.com,worker
352,Philis,Anyah,Philis.Anyah@yopmail.com,firefighter
353,Shaylyn,Hashim,Shaylyn.Hashim@yopmail.com,developer
354,Tonia,Andrel,Tonia.Andrel@yopmail.com,doctor
355,Adriana,Yoko,Adriana.Yoko@yopmail.com,police officer
356,Tonia,Johnsson,Tonia.Johnsson@yopmail.com,police officer
357,Ricky,Suzetta,Ricky.Suzetta@yopmail.com,worker
358,Jaclyn,Milson,Jaclyn.Milson@yopmail.com,worker
359,Sheelagh,Vins,Sheelagh.Vins@yopmail.com,firefighter
360,Micheline,Tomasina,Micheline.Tomasina@yopmail.com,police officer
361,Tatiania,Harned,Tatiania.Harned@yopmail.com,developer
362,Riannon,Annice,Riannon.Annice@yopmail.com,police officer
363,Danny,Salvidor,Danny.Salvidor@yopmail.com,doctor
364,Miquela,Pauly,Miquela.Pauly@yopmail.com,police officer
365,Dorothy,Payson,Dorothy.Payson@yopmail.com,doctor
366,Julieta,Ciapas,Julieta.Ciapas@yopmail.com,police officer
367,Penelopa,Brady,Penelopa.Brady@yopmail.com,worker
368,Basia,Remmer,Basia.Remmer@yopmail.com,developer
369,Dorice,Zola,Dorice.Zola@yopmail.com,worker
370,Frances,Mich,Frances.Mich@yopmail.com,developer
371,Norine,Evangelia,Norine.Evangelia@yopmail.com,worker
372,Kristan,Tengdin,Kristan.Tengdin@yopmail.com,police officer
373,Selma,Bury,Selma.Bury@yopmail.com,developer
374,Clo,Camden,Clo.Camden@yopmail.com,doctor
375,Anthia,An,Anthia.An@yopmail.com,firefighter
376,Sharlene,Gower,Sharlene.Gower@yopmail.com,developer
377,Allyce,Serilda,Allyce.Serilda@yopmail.com,police officer
378,Marcy,Lattie,Marcy.Lattie@yopmail.com,worker
379,Ellette,Arathorn,Ellette.Arathorn@yopmail.com,doctor
380,Selma,Dimitris,Selma.Dimitris@yopmail.com,developer
381,Althea,Zachary,Althea.Zachary@yopmail.com,developer
382,Gale,Drus,Gale.Drus@yopmail.com,police officer
383,Candi,Cyrie,Candi.Cyrie@yopmail.com,firefighter
384,Dagmar,Clara,Dagmar.Clara@yopmail.com,police officer
385,Dania,Thar,Dania.Thar@yopmail.com,police officer
386,Eugine,Mike,Eugine.Mike@yopmail.com,developer
387,Minne,Carleen,Minne.Carleen@yopmail.com,firefighter
388,Gwenneth,Rugen,Gwenneth.Rugen@yopmail.com,doctor
389,Codie,Jeanne,Codie.Jeanne@yopmail.com,police officer
390,Carree,Fabiola,Carree.Fabiola@yopmail.com,developer
391,Lindie,Yusuk,Lindie.Yusuk@yopmail.com,doctor
392,Coral,Cassius,Coral.Cassius@yopmail.com,developer
393,Jordan,Munn,Jordan.Munn@yopmail.com,worker
394,Gratia,Atonsah,Gratia.Atonsah@yopmail.com,worker
395,Leia,Helve,Leia.Helve@yopmail.com,firefighter
396,Roberta,Lorenz,Roberta.Lorenz@yopmail.com,developer
397,Christal,Chapland,Christal.Chapland@yopmail.com,worker
398,Chickie,Seligman,Chickie.Seligman@yopmail.com,doctor
399,Abbie,Afton,Abbie.Afton@yopmail.com,firefighter
400,Evita,Alcott,Evita.Alcott@yopmail.com,firefighter
401,Gabriellia,Millda,Gabriellia.Millda@yopmail.com,police officer
402,Mireielle,Daveta,Mireielle.Daveta@yopmail.com,doctor
403,Cathyleen,Amadas,Cathyleen.Amadas@yopmail.com,worker
404,Magdalena,Elo,Magdalena.Elo@yopmail.com,police officer
405,Hildegaard,Dorine,Hildegaard.Dorine@yopmail.com,doctor
406,Celestyna,Byrne,Celestyna.Byrne@yopmail.com,doctor
407,Darlleen,Uird,Darlleen.Uird@yopmail.com,doctor
408,Hollie,Amasa,Hollie.Amasa@yopmail.com,firefighter
409,Almeta,Bebe,Almeta.Bebe@yopmail.com,firefighter
410,Sheree,Faria,Sheree.Faria@yopmail.com,police officer
411,Minne,Erskine,Minne.Erskine@yopmail.com,developer
412,Cacilie,Ramona,Cacilie.Ramona@yopmail.com,doctor
413,Therine,Mott,Therine.Mott@yopmail.com,police officer
414,Alameda,Kristi,Alameda.Kristi@yopmail.com,doctor
415,Robinia,Phyllis,Robinia.Phyllis@yopmail.com,doctor
416,Ayn,Jacqui,Ayn.Jacqui@yopmail.com,doctor
417,Moyna,Aaberg,Moyna.Aaberg@yopmail.com,doctor
418,Myriam,Jenness,Myriam.Jenness@yopmail.com,firefighter
419,Jenilee,Naor,Jenilee.Naor@yopmail.com,police officer
420,Ofilia,Gaynor,Ofilia.Gaynor@yopmail.com,firefighter
421,Lorenza,Cookie,Lorenza.Cookie@yopmail.com,worker
422,Robinia,Eckblad,Robinia.Eckblad@yopmail.com,firefighter
423,Beverley,Jerold,Beverley.Jerold@yopmail.com,developer
424,Ileana,Cassius,Ileana.Cassius@yopmail.com,police officer
425,Juliane,Brenn,Juliane.Brenn@yopmail.com,firefighter
426,Odessa,Whittaker,Odessa.Whittaker@yopmail.com,worker
427,Dorice,Lasley,Dorice.Lasley@yopmail.com,developer
428,Amii,Toffic,Amii.Toffic@yopmail.com,developer
429,Carree,Estella,Carree.Estella@yopmail.com,developer
430,Isa,Felecia,Isa.Felecia@yopmail.com,police officer
431,Amii,Pearse,Amii.Pearse@yopmail.com,developer
432,Annora,Demitria,Annora.Demitria@yopmail.com,firefighter
433,Rebeca,Damarra,Rebeca.Damarra@yopmail.com,police officer
434,Beatriz,Saunderson,Beatriz.Saunderson@yopmail.com,developer
435,Tabbatha,Schenck,Tabbatha.Schenck@yopmail.com,worker
436,Vivia,Zrike,Vivia.Zrike@yopmail.com,worker
437,Priscilla,Faso,Priscilla.Faso@yopmail.com,police officer
438,Drucie,Lissi,Drucie.Lissi@yopmail.com,police officer
439,Malina,Nickola,Malina.Nickola@yopmail.com,police officer
440,Oona,Afton,Oona.Afton@yopmail.com,worker
441,Damaris,Dorothy,Damaris.Dorothy@yopmail.com,developer
442,Shaylyn,Reidar,Shaylyn.Reidar@yopmail.com,doctor
443,Deane,Alabaster,Deane.Alabaster@yopmail.com,developer
444,Angela,Wesle,Angela.Wesle@yopmail.com,worker
445,Margarette,Jacqui,Margarette.Jacqui@yopmail.com,doctor
446,Kimmy,Bultman,Kimmy.Bultman@yopmail.com,police officer
447,Dede,Naor,Dede.Naor@yopmail.com,developer
448,Katuscha,Capello,Katuscha.Capello@yopmail.com,police officer
449,Regina,Therine,Regina.Therine@yopmail.com,firefighter
450,Brietta,Peg,Brietta.Peg@yopmail.com,police officer
451,Eve,Milde,Eve.Milde@yopmail.com,worker
452,Lily,Helve,Lily.Helve@yopmail.com,developer
453,Minne,Arvo,Minne.Arvo@yopmail.com,firefighter
454,Gloria,Cordi,Gloria.Cordi@yopmail.com,worker
455,Drucie,Herrera,Drucie.Herrera@yopmail.com,police officer
456,Phylis,Klotz,Phylis.Klotz@yopmail.com,developer
457,Tomasina,Wooster,Tomasina.Wooster@yopmail.com,police officer
458,Fanny,Love,Fanny.Love@yopmail.com,doctor
459,Jeanna,Tremayne,Jeanna.Tremayne@yopmail.com,police officer
460,Gusty,Philoo,Gusty.Philoo@yopmail.com,police officer
461,Paulita,Millda,Paulita.Millda@yopmail.com,firefighter
462,Donetta,Arne,Donetta.Arne@yopmail.com,developer
463,Lucille,Anton,Lucille.Anton@yopmail.com,worker
464,Sidoney,Shaddock,Sidoney.Shaddock@yopmail.com,firefighter
465,Annecorinne,Strephon,Annecorinne.Strephon@yopmail.com,developer
466,June,Stacy,June.Stacy@yopmail.com,firefighter
467,Catharine,Fulmer,Catharine.Fulmer@yopmail.com,police officer
468,Lisette,Kinnard,Lisette.Kinnard@yopmail.com,developer
469,Doro,Hirsch,Doro.Hirsch@yopmail.com,doctor
470,Gusella,Vins,Gusella.Vins@yopmail.com,doctor
471,Meghann,Tillford,Meghann.Tillford@yopmail.com,police officer
472,Deedee,Wind,Deedee.Wind@yopmail.com,developer
473,Rhoda,Emmaline,Rhoda.Emmaline@yopmail.com,developer
474,Sindee,Gunn,Sindee.Gunn@yopmail.com,worker
475,Mildrid,Eiser,Mildrid.Eiser@yopmail.com,worker
476,Lulita,Koehler,Lulita.Koehler@yopmail.com,developer
477,Cordi,Jacobah,Cordi.Jacobah@yopmail.com,doctor
478,Nikki,Carolin,Nikki.Carolin@yopmail.com,developer
479,Aigneis,Bebe,Aigneis.Bebe@yopmail.com,worker
480,Dagmar,Tatianas,Dagmar.Tatianas@yopmail.com,developer
481,Brooks,Raimondo,Brooks.Raimondo@yopmail.com,developer
482,Heida,Crudden,Heida.Crudden@yopmail.com,doctor
483,Nataline,Arquit,Nataline.Arquit@yopmail.com,worker
484,Charlena,Romelda,Charlena.Romelda@yopmail.com,developer
485,Minda,Mallon,Minda.Mallon@yopmail.com,firefighter
486,Fanny,Posner,Fanny.Posner@yopmail.com,doctor
487,Joy,Wittie,Joy.Wittie@yopmail.com,firefighter
488,Mireielle,Sasnett,Mireielle.Sasnett@yopmail.com,police officer
489,Luci,Jagir,Luci.Jagir@yopmail.com,worker
490,Peri,Cohdwell,Peri.Cohdwell@yopmail.com,developer
491,Alyda,Sharl,Alyda.Sharl@yopmail.com,worker
492,Albertina,Cecile,Albertina.Cecile@yopmail.com,firefighter
493,Leontine,Lucienne,Leontine.Lucienne@yopmail.com,doctor
494,Melodie,Beniamino,Melodie.Beniamino@yopmail.com,doctor
495,Queenie,Ardra,Queenie.Ardra@yopmail.com,doctor
496,Lacie,Bebe,Lacie.Bebe@yopmail.com,developer
497,Marcelline,Jenness,Marcelline.Jenness@yopmail.com,worker
498,Mary,Warthman,Mary.Warthman@yopmail.com,firefighter
499,Aurelie,Kaja,Aurelie.Kaja@yopmail.com,developer
500,Janenna,Wu,Janenna.Wu@yopmail.com,doctor
501,Meg,Santoro,Meg.Santoro@yopmail.com,police officer
502,Althea,Baptlsta,Althea.Baptlsta@yopmail.com,doctor
503,Flo,Dermott,Flo.Dermott@yopmail.com,doctor
504,Sissy,Kronfeld,Sissy.Kronfeld@yopmail.com,firefighter
505,Carly,Jess,Carly.Jess@yopmail.com,police officer
506,Georgetta,Virgin,Georgetta.Virgin@yopmail.com,police officer
507,Lynde,My,Lynde.My@yopmail.com,doctor
508,Donetta,Israeli,Donetta.Israeli@yopmail.com,developer
509,Ardys,Grimbly,Ardys.Grimbly@yopmail.com,firefighter
510,Lindie,Obed,Lindie.Obed@yopmail.com,police officer
511,Jackie,Hoban,Jackie.Hoban@yopmail.com,developer
512,Modestia,Fink,Modestia.Fink@yopmail.com,developer
513,Dulcinea,Caitlin,Dulcinea.Caitlin@yopmail.com,worker
514,Priscilla,Bakerman,Priscilla.Bakerman@yopmail.com,police officer
515,Dorene,Freddi,Dorene.Freddi@yopmail.com,worker
516,Lonnie,Raul,Lonnie.Raul@yopmail.com,firefighter
517,Laurene,Suanne,Laurene.Suanne@yopmail.com,doctor
518,Cordi,Demitria,Cordi.Demitria@yopmail.com,police officer
519,Carol-Jean,Jethro,Carol-Jean.Jethro@yopmail.com,worker
520,Alleen,Sadowski,Alleen.Sadowski@yopmail.com,doctor
521,Perry,Friede,Perry.Friede@yopmail.com,worker
522,Bobbi,Cimbura,Bobbi.Cimbura@yopmail.com,worker
523,Anallese,Tamsky,Anallese.Tamsky@yopmail.com,worker
524,Genevra,Greyson,Genevra.Greyson@yopmail.com,doctor
525,Lelah,Khorma,Lelah.Khorma@yopmail.com,police officer
526,Berget,Dituri,Berget.Dituri@yopmail.com,doctor
527,Robbi,Aaberg,Robbi.Aaberg@yopmail.com,developer
528,Nessie,Tengdin,Nessie.Tengdin@yopmail.com,police officer
529,Harrietta,Fredi,Harrietta.Fredi@yopmail.com,developer
530,Sharai,Fitzsimmons,Sharai.Fitzsimmons@yopmail.com,worker
531,Madalyn,Alejoa,Madalyn.Alejoa@yopmail.com,firefighter
532,Marinna,Nadia,Marinna.Nadia@yopmail.com,doctor
533,Allis,Plato,Allis.Plato@yopmail.com,police officer
534,Shaylyn,Paton,Shaylyn.Paton@yopmail.com,firefighter
535,Liana,Bebe,Liana.Bebe@yopmail.com,police officer
536,Miquela,Gladstone,Miquela.Gladstone@yopmail.com,worker
537,Kerrin,Zina,Kerrin.Zina@yopmail.com,developer
538,Nollie,Berne,Nollie.Berne@yopmail.com,police officer
539,Bettine,Cressida,Bettine.Cressida@yopmail.com,developer
540,Cindelyn,Beniamino,Cindelyn.Beniamino@yopmail.com,firefighter
541,Orelia,Bennie,Orelia.Bennie@yopmail.com,doctor
542,Drucie,Leonard,Drucie.Leonard@yopmail.com,firefighter
543,Ebonee,Klotz,Ebonee.Klotz@yopmail.com,doctor
544,Cindelyn,Woodberry,Cindelyn.Woodberry@yopmail.com,police officer
545,Tani,Honoria,Tani.Honoria@yopmail.com,doctor
546,Valli,Rossner,Valli.Rossner@yopmail.com,worker
547,Ricky,Nisbet,Ricky.Nisbet@yopmail.com,police officer
548,Nickie,Herrera,Nickie.Herrera@yopmail.com,doctor
549,Aimil,Alisia,Aimil.Alisia@yopmail.com,developer
550,Amara,Sacken,Amara.Sacken@yopmail.com,firefighter
551,Minne,Erminia,Minne.Erminia@yopmail.com,developer
552,Ricky,Niccolo,Ricky.Niccolo@yopmail.com,police officer
553,Carmela,Garlinda,Carmela.Garlinda@yopmail.com,firefighter
554,Adele,Lilybelle,Adele.Lilybelle@yopmail.com,worker
555,Queenie,Kenwood,Queenie.Kenwood@yopmail.com,developer
556,Kittie,Raama,Kittie.Raama@yopmail.com,developer
557,Deedee,Krystle,Deedee.Krystle@yopmail.com,developer
558,Dede,Lucienne,Dede.Lucienne@yopmail.com,police officer
559,Joleen,Laverne,Joleen.Laverne@yopmail.com,worker
560,Alia,Lattie,Alia.Lattie@yopmail.com,developer
561,Julieta,Grosz,Julieta.Grosz@yopmail.com,worker
562,Adore,Olin,Adore.Olin@yopmail.com,firefighter
563,Zsa Zsa,Loleta,Zsa Zsa.Loleta@yopmail.com,worker
564,Edith,Soneson,Edith.Soneson@yopmail.com,police officer
565,Bernardine,Hollingsworth,Bernardine.Hollingsworth@yopmail.com,firefighter
566,Cindelyn,Bluh,Cindelyn.Bluh@yopmail.com,doctor
567,Gusella,Guildroy,Gusella.Guildroy@yopmail.com,developer
568,Maud,Santoro,Maud.Santoro@yopmail.com,police officer
569,Olwen,Bouchard,Olwen.Bouchard@yopmail.com,police officer
570,Angelique,Niles,Angelique.Niles@yopmail.com,doctor
571,Taffy,Harl,Taffy.Harl@yopmail.com,firefighter
572,Adelle,Thornburg,Adelle.Thornburg@yopmail.com,developer
573,Carree,Pacorro,Carree.Pacorro@yopmail.com,worker
574,Blake,Ovid,Blake.Ovid@yopmail.com,developer
575,Kore,Radu,Kore.Radu@yopmail.com,doctor
576,Lilith,Avi,Lilith.Avi@yopmail.com,firefighter
577,Lorie,Gualtiero,Lorie.Gualtiero@yopmail.com,worker
578,Sheelagh,Briney,Sheelagh.Briney@yopmail.com,doctor
579,Eugine,Delp,Eugine.Delp@yopmail.com,developer
580,Dacia,Kirstin,Dacia.Kirstin@yopmail.com,police officer
581,Annice,Carolin,Annice.Carolin@yopmail.com,worker
582,Lanna,Crudden,Lanna.Crudden@yopmail.com,worker
583,Jeanna,Darian,Jeanna.Darian@yopmail.com,developer
584,Corene,Maroney,Corene.Maroney@yopmail.com,developer
585,Imojean,Hoban,Imojean.Hoban@yopmail.com,police officer
586,Lolita,Kalinda,Lolita.Kalinda@yopmail.com,doctor
587,Ann-Marie,Loleta,Ann-Marie.Loleta@yopmail.com,developer
588,Tersina,Lorain,Tersina.Lorain@yopmail.com,firefighter
589,Amelia,Caitlin,Amelia.Caitlin@yopmail.com,doctor
590,Britte,Eckblad,Britte.Eckblad@yopmail.com,police officer
591,Caressa,Granoff,Caressa.Granoff@yopmail.com,doctor
592,Mariele,Kylander,Mariele.Kylander@yopmail.com,doctor
593,Alyssa,Bearnard,Alyssa.Bearnard@yopmail.com,developer
594,Nicoli,Dash,Nicoli.Dash@yopmail.com,police officer
595,Ronna,Holbrook,Ronna.Holbrook@yopmail.com,police officer
596,Sharai,Johanna,Sharai.Johanna@yopmail.com,firefighter
597,Evita,Waldron,Evita.Waldron@yopmail.com,police officer
598,Frieda,Chandler,Frieda.Chandler@yopmail.com,doctor
599,Jorry,Faust,Jorry.Faust@yopmail.com,worker
600,Kirstin,Simmonds,Kirstin.Simmonds@yopmail.com,police officer
601,Janeczka,Tannie,Janeczka.Tannie@yopmail.com,worker
602,Beatriz,Edison,Beatriz.Edison@yopmail.com,police officer
603,Grier,Kravits,Grier.Kravits@yopmail.com,developer
604,Lynde,Wooster,Lynde.Wooster@yopmail.com,worker
605,Leona,Rocray,Leona.Rocray@yopmail.com,doctor
606,Sidoney,Miru,Sidoney.Miru@yopmail.com,doctor
607,Ira,Merat,Ira.Merat@yopmail.com,firefighter
608,Caressa,Andrel,Caressa.Andrel@yopmail.com,doctor
609,Taffy,Anastatius,Taffy.Anastatius@yopmail.com,police officer
610,Deedee,Honoria,Deedee.Honoria@yopmail.com,doctor
611,Gratia,Garek,Gratia.Garek@yopmail.com,worker
612,Dari,Kiersten,Dari.Kiersten@yopmail.com,police officer
613,Trudie,Philipp,Trudie.Philipp@yopmail.com,police officer
614,Dominga,Bates,Dominga.Bates@yopmail.com,doctor
615,Barbara,Iphlgenia,Barbara.Iphlgenia@yopmail.com,police officer
616,Wanda,Sikorski,Wanda.Sikorski@yopmail.com,police officer
617,Deedee,Wenda,Deedee.Wenda@yopmail.com,doctor
618,Sheelagh,Ries,Sheelagh.Ries@yopmail.com,firefighter
619,Sophia,Marsden,Sophia.Marsden@yopmail.com,police officer
620,Dyann,Tannie,Dyann.Tannie@yopmail.com,police officer
621,Steffane,Clara,Steffane.Clara@yopmail.com,firefighter
622,Basia,Hieronymus,Basia.Hieronymus@yopmail.com,doctor
623,Ileana,Jagir,Ileana.Jagir@yopmail.com,worker
624,Kayla,Glovsky,Kayla.Glovsky@yopmail.com,firefighter
625,Dorthy,Lareena,Dorthy.Lareena@yopmail.com,doctor
626,Zsa Zsa,Saree,Zsa Zsa.Saree@yopmail.com,worker
627,Doro,Fillbert,Doro.Fillbert@yopmail.com,doctor
628,Christian,Gillan,Christian.Gillan@yopmail.com,police officer
629,Dagmar,Verger,Dagmar.Verger@yopmail.com,developer
630,Vere,Barrus,Vere.Barrus@yopmail.com,doctor
631,Jolyn,Anselmi,Jolyn.Anselmi@yopmail.com,police officer
632,Trixi,Federica,Trixi.Federica@yopmail.com,firefighter
633,Sherrie,Arathorn,Sherrie.Arathorn@yopmail.com,worker
634,Gusty,Waldron,Gusty.Waldron@yopmail.com,developer
635,Chandra,Lattie,Chandra.Lattie@yopmail.com,developer
636,Cam,Barbey,Cam.Barbey@yopmail.com,developer
637,Marnia,Tufts,Marnia.Tufts@yopmail.com,doctor
638,Amelia,Firmin,Amelia.Firmin@yopmail.com,doctor
639,Marika,Gower,Marika.Gower@yopmail.com,doctor
640,Celestyna,Ellerey,Celestyna.Ellerey@yopmail.com,doctor
641,Anallese,Faso,Anallese.Faso@yopmail.com,firefighter
642,Madalyn,Dorine,Madalyn.Dorine@yopmail.com,police officer
643,Belva,Bartlett,Belva.Bartlett@yopmail.com,police officer
644,Luci,Durware,Luci.Durware@yopmail.com,worker
645,Lynde,Linehan,Lynde.Linehan@yopmail.com,firefighter
646,Carly,Ellerey,Carly.Ellerey@yopmail.com,firefighter
647,Meriel,Alcott,Meriel.Alcott@yopmail.com,police officer
648,Mireielle,Linskey,Mireielle.Linskey@yopmail.com,worker
649,Aimil,Rooney,Aimil.Rooney@yopmail.com,developer
650,Tybie,Harriman,Tybie.Harriman@yopmail.com,police officer
651,Claresta,Robertson,Claresta.Robertson@yopmail.com,developer
652,Andeee,Corabella,Andeee.Corabella@yopmail.com,firefighter
653,Coral,Connelly,Coral.Connelly@yopmail.com,developer
654,Juliane,Couture,Juliane.Couture@yopmail.com,police officer
655,Dyann,Lattie,Dyann.Lattie@yopmail.com,firefighter
656,Rozele,Fancie,Rozele.Fancie@yopmail.com,doctor
657,Kayla,Shaddock,Kayla.Shaddock@yopmail.com,worker
658,Frances,Soneson,Frances.Soneson@yopmail.com,doctor
659,Ingrid,Erich,Ingrid.Erich@yopmail.com,police officer
660,Amara,Concha,Amara.Concha@yopmail.com,police officer
661,Ashlee,Suzetta,Ashlee.Suzetta@yopmail.com,doctor
662,Cristabel,Cloris,Cristabel.Cloris@yopmail.com,police officer
663,Bill,Orlene,Bill.Orlene@yopmail.com,police officer
664,Layla,Delila,Layla.Delila@yopmail.com,police officer
665,Ermengarde,Morgun,Ermengarde.Morgun@yopmail.com,developer
666,Riannon,Smitt,Riannon.Smitt@yopmail.com,firefighter
667,Marylou,Lilybelle,Marylou.Lilybelle@yopmail.com,firefighter
668,Lila,Miru,Lila.Miru@yopmail.com,police officer
669,Laure,Elbertina,Laure.Elbertina@yopmail.com,police officer
670,Etta,Klotz,Etta.Klotz@yopmail.com,worker
671,Chere,Olnee,Chere.Olnee@yopmail.com,doctor
672,Teddie,Belanger,Teddie.Belanger@yopmail.com,doctor
673,Hallie,Germann,Hallie.Germann@yopmail.com,police officer
674,Lusa,Rossner,Lusa.Rossner@yopmail.com,firefighter
675,Hayley,Roscoe,Hayley.Roscoe@yopmail.com,developer
676,Annora,Yate,Annora.Yate@yopmail.com,doctor
677,Alameda,Danby,Alameda.Danby@yopmail.com,firefighter
678,Donetta,Campball,Donetta.Campball@yopmail.com,doctor
679,Molli,Tyson,Molli.Tyson@yopmail.com,developer
680,Tierney,Letsou,Tierney.Letsou@yopmail.com,developer
681,Odessa,Weitman,Odessa.Weitman@yopmail.com,police officer
682,Cissiee,Goth,Cissiee.Goth@yopmail.com,developer
683,Pollyanna,Donoghue,Pollyanna.Donoghue@yopmail.com,firefighter
684,Adore,Sundin,Adore.Sundin@yopmail.com,worker
685,Jennica,Darrell,Jennica.Darrell@yopmail.com,police officer
686,Steffane,MacIntosh,Steffane.MacIntosh@yopmail.com,police officer
687,Caryl,Saint,Caryl.Saint@yopmail.com,firefighter
688,Chrystel,Blake,Chrystel.Blake@yopmail.com,doctor
689,Jemie,Anyah,Jemie.Anyah@yopmail.com,developer
690,Gertrud,Lumbard,Gertrud.Lumbard@yopmail.com,developer
691,Myriam,Latini,Myriam.Latini@yopmail.com,developer
692,Violet,Mandler,Violet.Mandler@yopmail.com,police officer
693,Tera,Tristram,Tera.Tristram@yopmail.com,doctor
694,Chastity,Tjon,Chastity.Tjon@yopmail.com,police officer
695,Carree,Papageno,Carree.Papageno@yopmail.com,worker
696,Dania,Holtz,Dania.Holtz@yopmail.com,police officer
697,Darci,Ochs,Darci.Ochs@yopmail.com,worker
698,Loree,Rodmann,Loree.Rodmann@yopmail.com,developer
699,Jemie,Ralfston,Jemie.Ralfston@yopmail.com,firefighter
700,Clementine,Tremayne,Clementine.Tremayne@yopmail.com,developer
701,Margette,Bashemeth,Margette.Bashemeth@yopmail.com,developer
702,Zondra,Harned,Zondra.Harned@yopmail.com,police officer
703,Sean,Japeth,Sean.Japeth@yopmail.com,doctor
704,Priscilla,Wilkinson,Priscilla.Wilkinson@yopmail.com,doctor
705,Leeanne,Barney,Leeanne.Barney@yopmail.com,worker
706,Fernande,Brenn,Fernande.Brenn@yopmail.com,doctor
707,Gratia,Beebe,Gratia.Beebe@yopmail.com,developer
708,Randa,Hirsch,Randa.Hirsch@yopmail.com,police officer
709,Charmaine,Dorothy,Charmaine.Dorothy@yopmail.com,developer
710,Maurene,Nelsen,Maurene.Nelsen@yopmail.com,police officer
711,Dawn,Gillan,Dawn.Gillan@yopmail.com,firefighter
712,Viviene,Ulphia,Viviene.Ulphia@yopmail.com,doctor
713,Chastity,Bivins,Chastity.Bivins@yopmail.com,doctor
714,Kellen,Rocray,Kellen.Rocray@yopmail.com,developer
715,Aryn,Berne,Aryn.Berne@yopmail.com,developer
716,Melanie,Frodi,Melanie.Frodi@yopmail.com,developer
717,Florencia,Seligman,Florencia.Seligman@yopmail.com,police officer
718,Nyssa,Yorick,Nyssa.Yorick@yopmail.com,police officer
719,Deloria,Llovera,Deloria.Llovera@yopmail.com,firefighter
720,Alyda,Jorgan,Alyda.Jorgan@yopmail.com,developer
721,Shandie,Ilka,Shandie.Ilka@yopmail.com,worker
722,Clo,Chaing,Clo.Chaing@yopmail.com,worker
723,Bobbi,Kannry,Bobbi.Kannry@yopmail.com,developer
724,Vivia,Dimitris,Vivia.Dimitris@yopmail.com,developer
725,Allyce,Astra,Allyce.Astra@yopmail.com,police officer
726,Gloria,Bethany,Gloria.Bethany@yopmail.com,firefighter
727,Taffy,Roscoe,Taffy.Roscoe@yopmail.com,doctor
728,Hope,Wesle,Hope.Wesle@yopmail.com,doctor
729,Melanie,McLaughlin,Melanie.McLaughlin@yopmail.com,police officer
730,Claresta,Loeb,Claresta.Loeb@yopmail.com,doctor
731,Merci,Yuille,Merci.Yuille@yopmail.com,doctor
732,Shaine,Justinn,Shaine.Justinn@yopmail.com,worker
733,Donnie,Orpah,Donnie.Orpah@yopmail.com,police officer
734,Brana,Madelene,Brana.Madelene@yopmail.com,worker
735,Rosene,Noam,Rosene.Noam@yopmail.com,police officer
736,Mignon,Cecile,Mignon.Cecile@yopmail.com,doctor
737,Belva,Wallis,Belva.Wallis@yopmail.com,firefighter
738,Gilligan,Codding,Gilligan.Codding@yopmail.com,police officer
739,Mathilda,Zetta,Mathilda.Zetta@yopmail.com,firefighter
740,Beatriz,Orpah,Beatriz.Orpah@yopmail.com,firefighter
741,Dorthy,Hortensia,Dorthy.Hortensia@yopmail.com,firefighter
742,Karolina,Destinee,Karolina.Destinee@yopmail.com,worker
743,Ayn,My,Ayn.My@yopmail.com,worker
744,Averyl,Alabaster,Averyl.Alabaster@yopmail.com,police officer
745,Bertine,Friede,Bertine.Friede@yopmail.com,doctor
746,Vita,Erskine,Vita.Erskine@yopmail.com,police officer
747,Dania,Hoenack,Dania.Hoenack@yopmail.com,doctor
748,Amelia,Rosalba,Amelia.Rosalba@yopmail.com,police officer
749,Valera,Tufts,Valera.Tufts@yopmail.com,firefighter
750,Dominga,Brieta,Dominga.Brieta@yopmail.com,police officer
751,Dotty,Ivens,Dotty.Ivens@yopmail.com,firefighter
752,Dari,Lemuela,Dari.Lemuela@yopmail.com,firefighter
753,Tobe,Zeeba,Tobe.Zeeba@yopmail.com,worker
754,Minda,Rolf,Minda.Rolf@yopmail.com,developer
755,Leia,Hilbert,Leia.Hilbert@yopmail.com,developer
756,Konstance,Maples,Konstance.Maples@yopmail.com,developer
757,Chloris,Annabella,Chloris.Annabella@yopmail.com,developer
758,Norine,Brotherson,Norine.Brotherson@yopmail.com,developer
759,Trixi,Marcellus,Trixi.Marcellus@yopmail.com,doctor
760,Riannon,Ortrude,Riannon.Ortrude@yopmail.com,police officer
761,Krystle,Lalitta,Krystle.Lalitta@yopmail.com,doctor
762,Ardys,Shaddock,Ardys.Shaddock@yopmail.com,doctor
763,Ilse,Chinua,Ilse.Chinua@yopmail.com,firefighter
764,Suzette,Sisile,Suzette.Sisile@yopmail.com,police officer
765,Maurene,Carmena,Maurene.Carmena@yopmail.com,doctor
766,Louella,Alejoa,Louella.Alejoa@yopmail.com,doctor
767,Natka,Viddah,Natka.Viddah@yopmail.com,police officer
768,Gwenneth,Sasnett,Gwenneth.Sasnett@yopmail.com,doctor
769,Calla,Kosey,Calla.Kosey@yopmail.com,doctor
770,Theodora,Fabiola,Theodora.Fabiola@yopmail.com,police officer
771,Emma,Ferrell,Emma.Ferrell@yopmail.com,developer
772,Korrie,Simmonds,Korrie.Simmonds@yopmail.com,doctor
773,Kaia,Ackerley,Kaia.Ackerley@yopmail.com,doctor
774,Georgina,Loeb,Georgina.Loeb@yopmail.com,worker
775,Ayn,Shaver,Ayn.Shaver@yopmail.com,worker
776,Rosene,Garlinda,Rosene.Garlinda@yopmail.com,developer
777,Priscilla,Daniele,Priscilla.Daniele@yopmail.com,doctor
778,Cam,Ortrude,Cam.Ortrude@yopmail.com,doctor
779,Iseabal,Erminia,Iseabal.Erminia@yopmail.com,firefighter
780,Margalo,Ricarda,Margalo.Ricarda@yopmail.com,worker
781,Elena,Melony,Elena.Melony@yopmail.com,firefighter
782,Queenie,Dermott,Queenie.Dermott@yopmail.com,police officer
783,Jemie,Stanwood,Jemie.Stanwood@yopmail.com,developer
784,Keelia,Frendel,Keelia.Frendel@yopmail.com,police officer
785,Kary,Gibbeon,Kary.Gibbeon@yopmail.com,worker
786,Britte,Lissi,Britte.Lissi@yopmail.com,police officer
787,Livvyy,Sholley,Livvyy.Sholley@yopmail.com,developer
788,Tersina,Alfons,Tersina.Alfons@yopmail.com,doctor
789,Ardeen,Borrell,Ardeen.Borrell@yopmail.com,developer
790,Corina,Fleeta,Corina.Fleeta@yopmail.com,firefighter
791,Gwenneth,Susannah,Gwenneth.Susannah@yopmail.com,police officer
792,Frieda,Burch,Frieda.Burch@yopmail.com,police officer
793,Ilse,Silvan,Ilse.Silvan@yopmail.com,developer
794,Alyssa,Roscoe,Alyssa.Roscoe@yopmail.com,firefighter
795,Roslyn,Francyne,Roslyn.Francyne@yopmail.com,doctor
796,Jordan,August,Jordan.August@yopmail.com,worker
797,Ginnie,Rad,Ginnie.Rad@yopmail.com,worker
798,Corly,Korey,Corly.Korey@yopmail.com,worker
799,Florencia,Azeria,Florencia.Azeria@yopmail.com,developer
800,Alie,Raffo,Alie.Raffo@yopmail.com,police officer
801,Silvana,Magdalen,Silvana.Magdalen@yopmail.com,police officer
802,Jsandye,Llovera,Jsandye.Llovera@yopmail.com,police officer
803,Mariann,Libna,Mariann.Libna@yopmail.com,developer
804,Kirbee,Kellby,Kirbee.Kellby@yopmail.com,firefighter
805,Georgina,Bord,Georgina.Bord@yopmail.com,police officer
806,Bernie,Ellord,Bernie.Ellord@yopmail.com,developer
807,Binny,Edison,Binny.Edison@yopmail.com,doctor
808,Corry,Hedve,Corry.Hedve@yopmail.com,police officer
809,Cristine,Pitt,Cristine.Pitt@yopmail.com,worker
810,Orsola,Isacco,Orsola.Isacco@yopmail.com,doctor
811,Mady,Haerr,Mady.Haerr@yopmail.com,developer
812,Meghann,Rebecka,Meghann.Rebecka@yopmail.com,worker
813,Audrie,Janith,Audrie.Janith@yopmail.com,developer
814,Vevay,Ramona,Vevay.Ramona@yopmail.com,firefighter
815,Laure,Levey,Laure.Levey@yopmail.com,police officer
816,Paola,Sekofski,Paola.Sekofski@yopmail.com,doctor
817,Harmonia,Cornelia,Harmonia.Cornelia@yopmail.com,doctor
818,Leia,Ietta,Leia.Ietta@yopmail.com,police officer
819,Trixi,Etom,Trixi.Etom@yopmail.com,firefighter
820,Emmey,Ciapas,Emmey.Ciapas@yopmail.com,police officer
821,Katleen,Korey,Katleen.Korey@yopmail.com,firefighter
822,Veda,Secrest,Veda.Secrest@yopmail.com,developer
823,Gerianna,O'Rourke,Gerianna.O'Rourke@yopmail.com,police officer
824,Sybille,Westphal,Sybille.Westphal@yopmail.com,developer
825,Vita,Birdella,Vita.Birdella@yopmail.com,worker
826,Andeee,Eliathas,Andeee.Eliathas@yopmail.com,developer
827,Alexine,Eachern,Alexine.Eachern@yopmail.com,police officer
828,Winny,Judye,Winny.Judye@yopmail.com,doctor
829,Tatiania,Lubin,Tatiania.Lubin@yopmail.com,developer
830,Anallese,Selway,Anallese.Selway@yopmail.com,developer
831,Max,Bonucci,Max.Bonucci@yopmail.com,police officer
832,Alex,Wilkinson,Alex.Wilkinson@yopmail.com,police officer
833,Philis,Zaslow,Philis.Zaslow@yopmail.com,worker
834,Calla,Hieronymus,Calla.Hieronymus@yopmail.com,doctor
835,Vonny,Johnsson,Vonny.Johnsson@yopmail.com,firefighter
836,Edith,Krystle,Edith.Krystle@yopmail.com,developer
837,Wendi,Alejoa,Wendi.Alejoa@yopmail.com,developer
838,Jessamyn,Jacinda,Jessamyn.Jacinda@yopmail.com,police officer
839,Collen,Lumbard,Collen.Lumbard@yopmail.com,doctor
840,Henriette,Holtz,Henriette.Holtz@yopmail.com,worker
841,Kirstin,Rosalba,Kirstin.Rosalba@yopmail.com,developer
842,Gale,Love,Gale.Love@yopmail.com,firefighter
843,Drucie,Plato,Drucie.Plato@yopmail.com,police officer
844,Starla,Bevin,Starla.Bevin@yopmail.com,developer
845,June,Shirberg,June.Shirberg@yopmail.com,firefighter
846,Celene,Medrek,Celene.Medrek@yopmail.com,worker
847,Kathi,Ader,Kathi.Ader@yopmail.com,worker
848,Emma,Olin,Emma.Olin@yopmail.com,police officer
849,Fanchon,Lesley,Fanchon.Lesley@yopmail.com,worker
850,Danika,Frodi,Danika.Frodi@yopmail.com,police officer
851,Britte,Poppy,Britte.Poppy@yopmail.com,worker
852,Lulita,Noelyn,Lulita.Noelyn@yopmail.com,police officer
853,Sharai,Eckblad,Sharai.Eckblad@yopmail.com,worker
854,Gerianna,Leopold,Gerianna.Leopold@yopmail.com,worker
855,Ofilia,Secrest,Ofilia.Secrest@yopmail.com,doctor
856,Demetris,Sibyls,Demetris.Sibyls@yopmail.com,police officer
857,Norine,Iphlgenia,Norine.Iphlgenia@yopmail.com,developer
858,Marcelline,Lemuela,Marcelline.Lemuela@yopmail.com,worker
859,Trixi,Bashemeth,Trixi.Bashemeth@yopmail.com,firefighter
860,Madelle,Eiser,Madelle.Eiser@yopmail.com,firefighter
861,Romona,Leffen,Romona.Leffen@yopmail.com,developer
862,Annabela,Scammon,Annabela.Scammon@yopmail.com,developer
863,Mahalia,Bennie,Mahalia.Bennie@yopmail.com,worker
864,Binny,Aaberg,Binny.Aaberg@yopmail.com,worker
865,Arlina,Argus,Arlina.Argus@yopmail.com,police officer
866,Britni,Beebe,Britni.Beebe@yopmail.com,firefighter
867,Audrie,MacIntosh,Audrie.MacIntosh@yopmail.com,developer
868,Beatriz,Euridice,Beatriz.Euridice@yopmail.com,worker
869,Jorry,Flyn,Jorry.Flyn@yopmail.com,firefighter
870,Fernande,Saint,Fernande.Saint@yopmail.com,doctor
871,Gretal,Chesna,Gretal.Chesna@yopmail.com,firefighter
872,Kassey,Leler,Kassey.Leler@yopmail.com,firefighter
873,Raina,Bord,Raina.Bord@yopmail.com,developer
874,Madelle,Edison,Madelle.Edison@yopmail.com,police officer
875,Jere,Wilona,Jere.Wilona@yopmail.com,firefighter
876,Katleen,Eckblad,Katleen.Eckblad@yopmail.com,worker
877,Doro,Rhu,Doro.Rhu@yopmail.com,developer
878,Trudie,Hieronymus,Trudie.Hieronymus@yopmail.com,worker
879,Susan,Cressida,Susan.Cressida@yopmail.com,developer
880,Lulita,Kussell,Lulita.Kussell@yopmail.com,worker
881,Dyann,Hoenack,Dyann.Hoenack@yopmail.com,developer
882,Dawn,Masao,Dawn.Masao@yopmail.com,firefighter
883,Olivette,Ranjiv,Olivette.Ranjiv@yopmail.com,police officer
884,Delilah,Eiser,Delilah.Eiser@yopmail.com,firefighter
885,Leona,Whiffen,Leona.Whiffen@yopmail.com,worker
886,Ottilie,Blisse,Ottilie.Blisse@yopmail.com,firefighter
887,Jasmina,Tremayne,Jasmina.Tremayne@yopmail.com,doctor
888,Katuscha,Torray,Katuscha.Torray@yopmail.com,developer
889,Oona,Brieta,Oona.Brieta@yopmail.com,developer
890,Rhea,Olympium,Rhea.Olympium@yopmail.com,worker
891,Merci,Bahr,Merci.Bahr@yopmail.com,firefighter
892,Ingrid,Bari,Ingrid.Bari@yopmail.com,developer
893,Peri,Drus,Peri.Drus@yopmail.com,worker
894,Rochette,Goldina,Rochette.Goldina@yopmail.com,developer
895,Margarette,Gordon,Margarette.Gordon@yopmail.com,police officer
896,Ninnetta,Brady,Ninnetta.Brady@yopmail.com,firefighter
897,Hope,Lilybelle,Hope.Lilybelle@yopmail.com,doctor
898,Cassandra,Darbie,Cassandra.Darbie@yopmail.com,worker
899,Danny,Deny,Danny.Deny@yopmail.com,developer
900,Chickie,Leonard,Chickie.Leonard@yopmail.com,police officer
901,Harmonia,Catie,Harmonia.Catie@yopmail.com,doctor
902,Petronia,Goode,Petronia.Goode@yopmail.com,firefighter
903,Asia,Franza,Asia.Franza@yopmail.com,police officer
904,Margalo,Suk,Margalo.Suk@yopmail.com,developer
905,Berget,Duwalt,Berget.Duwalt@yopmail.com,firefighter
906,Ursulina,Luhe,Ursulina.Luhe@yopmail.com,police officer
907,Esmeralda,Jefferey,Esmeralda.Jefferey@yopmail.com,firefighter
908,Aeriela,Jacqui,Aeriela.Jacqui@yopmail.com,worker
909,Amalie,Hertzfeld,Amalie.Hertzfeld@yopmail.com,firefighter
910,Linet,Irmine,Linet.Irmine@yopmail.com,developer
911,Gale,Maurine,Gale.Maurine@yopmail.com,doctor
912,Trudie,Kolnick,Trudie.Kolnick@yopmail.com,police officer
913,Cyb,Caitlin,Cyb.Caitlin@yopmail.com,police officer
914,Correy,Lowry,Correy.Lowry@yopmail.com,firefighter
915,Maryellen,Wooster,Maryellen.Wooster@yopmail.com,developer
916,Wendi,Earlie,Wendi.Earlie@yopmail.com,developer
917,Kathy,Adore,Kathy.Adore@yopmail.com,doctor
918,Paola,Miru,Paola.Miru@yopmail.com,police officer
919,Sean,Magdalen,Sean.Magdalen@yopmail.com,worker
920,Andree,Dermott,Andree.Dermott@yopmail.com,developer
921,Elvira,Linehan,Elvira.Linehan@yopmail.com,firefighter
922,Pierette,Percy,Pierette.Percy@yopmail.com,worker
923,Ottilie,Lindemann,Ottilie.Lindemann@yopmail.com,firefighter
924,Asia,Drisko,Asia.Drisko@yopmail.com,firefighter
925,Shirlee,Tybald,Shirlee.Tybald@yopmail.com,developer
926,Bobbi,Cadmar,Bobbi.Cadmar@yopmail.com,doctor
927,Micheline,Stelle,Micheline.Stelle@yopmail.com,developer
928,Aurelie,Ivens,Aurelie.Ivens@yopmail.com,firefighter
929,Philis,Wooster,Philis.Wooster@yopmail.com,doctor
930,Concettina,Chauncey,Concettina.Chauncey@yopmail.com,worker
931,Courtnay,Turne,Courtnay.Turne@yopmail.com,doctor
932,Morganica,Orelee,Morganica.Orelee@yopmail.com,worker
933,Dorene,Burnside,Dorene.Burnside@yopmail.com,worker
934,Aili,Larochelle,Aili.Larochelle@yopmail.com,firefighter
935,Gusty,Tremayne,Gusty.Tremayne@yopmail.com,doctor
936,Dulce,Ardeha,Dulce.Ardeha@yopmail.com,doctor
937,Fawne,Ursulette,Fawne.Ursulette@yopmail.com,doctor
938,Bernardine,Dahlia,Bernardine.Dahlia@yopmail.com,police officer
939,Cherrita,Bibi,Cherrita.Bibi@yopmail.com,worker
940,Marleah,Rosalba,Marleah.Rosalba@yopmail.com,doctor
941,Mahalia,Erlandson,Mahalia.Erlandson@yopmail.com,police officer
942,Elka,McNully,Elka.McNully@yopmail.com,doctor
943,Charmaine,Lorenz,Charmaine.Lorenz@yopmail.com,police officer
944,Karlee,Susannah,Karlee.Susannah@yopmail.com,firefighter
945,Elbertina,Herrera,Elbertina.Herrera@yopmail.com,worker
946,Nita,Roscoe,Nita.Roscoe@yopmail.com,firefighter
947,Pierette,Boehike,Pierette.Boehike@yopmail.com,developer
948,Rosene,Pettiford,Rosene.Pettiford@yopmail.com,firefighter
949,Danika,Noam,Danika.Noam@yopmail.com,doctor
950,Cindelyn,Maryanne,Cindelyn.Maryanne@yopmail.com,worker
951,Audrie,Jess,Audrie.Jess@yopmail.com,police officer
952,Queenie,Anastatius,Queenie.Anastatius@yopmail.com,worker
953,Christy,Goode,Christy.Goode@yopmail.com,worker
954,Petronia,Tufts,Petronia.Tufts@yopmail.com,worker
955,Carol-Jean,Herrera,Carol-Jean.Herrera@yopmail.com,police officer
956,Bernie,Erb,Bernie.Erb@yopmail.com,developer
957,Carilyn,Kirbee,Carilyn.Kirbee@yopmail.com,firefighter
958,Lonnie,Elbertina,Lonnie.Elbertina@yopmail.com,doctor
959,Dulce,Gerge,Dulce.Gerge@yopmail.com,police officer
960,Silvana,Maurine,Silvana.Maurine@yopmail.com,worker
961,Britni,Viddah,Britni.Viddah@yopmail.com,worker
962,Tierney,Brodench,Tierney.Brodench@yopmail.com,doctor
963,Sheree,Bivins,Sheree.Bivins@yopmail.com,doctor
964,Olivette,Cyrie,Olivette.Cyrie@yopmail.com,developer
965,Aubrie,Jotham,Aubrie.Jotham@yopmail.com,worker
966,Mariele,Ariella,Mariele.Ariella@yopmail.com,firefighter
967,Kial,Cookie,Kial.Cookie@yopmail.com,worker
968,Violet,Rosette,Violet.Rosette@yopmail.com,worker
969,Bobinette,Chrystel,Bobinette.Chrystel@yopmail.com,firefighter
970,Lolita,Douglass,Lolita.Douglass@yopmail.com,firefighter
971,Jordan,Virgin,Jordan.Virgin@yopmail.com,police officer
972,Sharlene,Serilda,Sharlene.Serilda@yopmail.com,firefighter
973,Annice,Goldina,Annice.Goldina@yopmail.com,firefighter
974,Bernie,Amadas,Bernie.Amadas@yopmail.com,firefighter
975,Rivalee,Suzetta,Rivalee.Suzetta@yopmail.com,developer
976,Cassondra,Poll,Cassondra.Poll@yopmail.com,worker
977,Vinita,Syd,Vinita.Syd@yopmail.com,worker
978,Gerianna,Secrest,Gerianna.Secrest@yopmail.com,police officer
979,Katharina,Alabaster,Katharina.Alabaster@yopmail.com,doctor
980,Corly,Crudden,Corly.Crudden@yopmail.com,police officer
981,Melisent,Dielu,Melisent.Dielu@yopmail.com,doctor
982,Damaris,Tacye,Damaris.Tacye@yopmail.com,worker
983,Nananne,Elisha,Nananne.Elisha@yopmail.com,developer
984,Marcy,My,Marcy.My@yopmail.com,police officer
985,Nollie,Kiersten,Nollie.Kiersten@yopmail.com,firefighter
986,Theodora,Caitlin,Theodora.Caitlin@yopmail.com,firefighter
987,Fawne,Chapland,Fawne.Chapland@yopmail.com,doctor
988,Winny,Aaberg,Winny.Aaberg@yopmail.com,police officer
989,Lorie,Daegal,Lorie.Daegal@yopmail.com,developer
990,Adore,Raychel,Adore.Raychel@yopmail.com,developer
991,Gisela,Fleeta,Gisela.Fleeta@yopmail.com,firefighter
992,Bettine,Sprage,Bettine.Sprage@yopmail.com,firefighter
993,Marguerite,Rona,Marguerite.Rona@yopmail.com,developer
994,Fidelia,Cosenza,Fidelia.Cosenza@yopmail.com,doctor
995,Christy,Wu,Christy.Wu@yopmail.com,police officer
996,Linet,Aprile,Linet.Aprile@yopmail.com,doctor
997,Maridel,Konyn,Maridel.Konyn@yopmail.com,developer
998,Lorie,Raul,Lorie.Raul@yopmail.com,firefighter
999,Kristan,Rustice,Kristan.Rustice@yopmail.com,police officer
1000,Tami,Letsou,Tami.Letsou@yopmail.com,firefighter
1001,Marti,Marijo,Marti.Marijo@yopmail.com,police officer
1002,Keelia,Pascia,Keelia.Pascia@yopmail.com,firefighter
1003,Lorie,Kosey,Lorie.Kosey@yopmail.com,firefighter
1004,Cathyleen,Arquit,Cathyleen.Arquit@yopmail.com,developer
1005,Lynea,Chrystel,Lynea.Chrystel@yopmail.com,worker
1006,Nataline,Norvol,Nataline.Norvol@yopmail.com,developer
1007,Raina,Havens,Raina.Havens@yopmail.com,firefighter
1008,Jacquetta,Alrich,Jacquetta.Alrich@yopmail.com,developer
1009,Melanie,Merat,Melanie.Merat@yopmail.com,firefighter
1010,Paule,Mendez,Paule.Mendez@yopmail.com,worker
1011,Karly,Hathaway,Karly.Hathaway@yopmail.com,doctor
1012,Babita,Allare,Babita.Allare@yopmail.com,police officer
1013,Miquela,Hirsch,Miquela.Hirsch@yopmail.com,doctor
1014,Fernande,Anderea,Fernande.Anderea@yopmail.com,developer
1015,Barbara,Weide,Barbara.Weide@yopmail.com,firefighter
1016,Candi,Bow,Candi.Bow@yopmail.com,developer
1017,Camile,Lutero,Camile.Lutero@yopmail.com,police officer
1018,Jolyn,Baptlsta,Jolyn.Baptlsta@yopmail.com,doctor
1019,Allis,Chaing,Allis.Chaing@yopmail.com,doctor
1020,Hallie,Trey,Hallie.Trey@yopmail.com,police officer
1021,Harrietta,Valerio,Harrietta.Valerio@yopmail.com,police officer
1022,Rosaline,Catie,Rosaline.Catie@yopmail.com,firefighter
1023,Elfreda,Lenny,Elfreda.Lenny@yopmail.com,police officer
1024,Belinda,Ventre,Belinda.Ventre@yopmail.com,firefighter
1025,Christy,Dorcy,Christy.Dorcy@yopmail.com,worker
1026,Elfreda,Torray,Elfreda.Torray@yopmail.com,firefighter
1027,Caressa,Rillings,Caressa.Rillings@yopmail.com,doctor
1028,Ilse,Clara,Ilse.Clara@yopmail.com,developer
1029,Konstance,Kendrick,Konstance.Kendrick@yopmail.com,developer
1030,Jsandye,Chrystel,Jsandye.Chrystel@yopmail.com,firefighter
1031,Berta,Amethist,Berta.Amethist@yopmail.com,police officer
1032,Tobe,Rolf,Tobe.Rolf@yopmail.com,firefighter
1033,Priscilla,Glovsky,Priscilla.Glovsky@yopmail.com,firefighter
1034,Elsie,Leary,Elsie.Leary@yopmail.com,worker
1035,Ginnie,Tamar,Ginnie.Tamar@yopmail.com,police officer
1036,Ira,Creamer,Ira.Creamer@yopmail.com,doctor
1037,Corene,Calhoun,Corene.Calhoun@yopmail.com,police officer
1038,Orsola,Orlene,Orsola.Orlene@yopmail.com,firefighter
1039,Lenna,Quinn,Lenna.Quinn@yopmail.com,developer
1040,Nonnah,Fitzsimmons,Nonnah.Fitzsimmons@yopmail.com,police officer
1041,Meg,Allina,Meg.Allina@yopmail.com,developer
1042,Aimil,Tybald,Aimil.Tybald@yopmail.com,police officer
1043,Mellicent,Agle,Mellicent.Agle@yopmail.com,police officer
1044,Sybille,Yerkovich,Sybille.Yerkovich@yopmail.com,developer
1045,Norine,Gwenore,Norine.Gwenore@yopmail.com,doctor
1046,Celisse,Bouchard,Celisse.Bouchard@yopmail.com,firefighter
1047,Britni,Wooster,Britni.Wooster@yopmail.com,firefighter
1048,Jemie,Stephie,Jemie.Stephie@yopmail.com,doctor
1049,Tatiania,Mauer,Tatiania.Mauer@yopmail.com,developer
1050,Ketti,Allys,Ketti.Allys@yopmail.com,worker
1051,Jobi,Argus,Jobi.Argus@yopmail.com,police officer
1052,Nicoli,Imelida,Nicoli.Imelida@yopmail.com,firefighter
1053,Trudie,Tayib,Trudie.Tayib@yopmail.com,doctor
1054,Aurelie,Leonard,Aurelie.Leonard@yopmail.com,police officer
1055,Keelia,Olnee,Keelia.Olnee@yopmail.com,doctor
1056,Leeanne,Wandie,Leeanne.Wandie@yopmail.com,developer
1057,Cindelyn,Tomasina,Cindelyn.Tomasina@yopmail.com,police officer
1058,Inga,Melony,Inga.Melony@yopmail.com,worker
1059,Steffane,Ries,Steffane.Ries@yopmail.com,developer
1060,Beth,Boycey,Beth.Boycey@yopmail.com,police officer
1061,Basia,Auberbach,Basia.Auberbach@yopmail.com,police officer
1062,Elena,Rillings,Elena.Rillings@yopmail.com,doctor
1063,Cordi,Socha,Cordi.Socha@yopmail.com,worker
1064,Alexine,Remmer,Alexine.Remmer@yopmail.com,police officer
1065,Damaris,Alisia,Damaris.Alisia@yopmail.com,firefighter
1066,Nataline,Pulsifer,Nataline.Pulsifer@yopmail.com,doctor
1067,Romona,Lenny,Romona.Lenny@yopmail.com,developer
1068,Clary,Charmine,Clary.Charmine@yopmail.com,worker
1069,Wanda,Melony,Wanda.Melony@yopmail.com,doctor
1070,Maryellen,Lutero,Maryellen.Lutero@yopmail.com,doctor
1071,Mireielle,Arquit,Mireielle.Arquit@yopmail.com,developer
1072,Ekaterina,Hashim,Ekaterina.Hashim@yopmail.com,police officer
1073,Molli,Narton,Molli.Narton@yopmail.com,doctor
1074,Kary,Arvo,Kary.Arvo@yopmail.com,developer
1075,Emma,Lory,Emma.Lory@yopmail.com,doctor
1076,Elise,Rolf,Elise.Rolf@yopmail.com,doctor
1077,Rori,Shaddock,Rori.Shaddock@yopmail.com,doctor
1078,Marnia,Cressida,Marnia.Cressida@yopmail.com,developer
1079,Dianemarie,Poll,Dianemarie.Poll@yopmail.com,police officer
1080,Neila,Felizio,Neila.Felizio@yopmail.com,worker
1081,Merci,Albertine,Merci.Albertine@yopmail.com,worker
1082,Cherrita,Old,Cherrita.Old@yopmail.com,police officer
1083,Lory,Allys,Lory.Allys@yopmail.com,developer
1084,Cecile,Ethban,Cecile.Ethban@yopmail.com,police officer
1085,Giustina,Lewes,Giustina.Lewes@yopmail.com,worker
1086,Leontine,Berriman,Leontine.Berriman@yopmail.com,developer
1087,Catrina,Madaih,Catrina.Madaih@yopmail.com,developer
1088,Cissiee,Payson,Cissiee.Payson@yopmail.com,police officer
1089,Emmey,Wareing,Emmey.Wareing@yopmail.com,worker
1090,Adelle,Alexandr,Adelle.Alexandr@yopmail.com,worker
1091,Janey,Sharl,Janey.Sharl@yopmail.com,police officer
1092,Aurelie,Means,Aurelie.Means@yopmail.com,firefighter
1093,Rori,Sholley,Rori.Sholley@yopmail.com,doctor
1094,Suzette,Roumell,Suzette.Roumell@yopmail.com,developer
1095,Yetty,Moina,Yetty.Moina@yopmail.com,doctor
1096,Darci,Ardra,Darci.Ardra@yopmail.com,police officer
1097,Daphne,Faria,Daphne.Faria@yopmail.com,worker
1098,Merry,Velick,Merry.Velick@yopmail.com,doctor
1099,Doralynne,Natica,Doralynne.Natica@yopmail.com,developer